{
  "ATL": {
    "2MAKE": 0.2648606370875996,
    "2MISS": 0.22464270477815707,
    "3MAKE": 0.11676532281001141,
    "3MISS": 0.2040893415813425,
    "TO": 0.10976606939704213,
    "OREB": 0.09310118031854382,
    "S_FOULS": 0.0798759243458476,
    "POSS": 9000.959999999997
  },
  "BOS": {
    "2MAKE": 0.24007583207094202,
    "2MISS": 0.2428442341935313,
    "3MAKE": 0.10730326627156034,
    "3MISS": 0.20940193655265285,
    "TO": 0.11793393042230316,
    "OREB": 0.09501156084726396,
    "S_FOULS": 0.08244080048901058,
    "POSS": 9030.479999999998
  },
  "CLE": {
    "2MAKE": 0.2557165456245057,
    "2MISS": 0.24212177320773717,
    "3MAKE": 0.10785935140576691,
    "3MISS": 0.19785449773495367,
    "TO": 0.11774645861796221,
    "OREB": 0.09639929531890418,
    "S_FOULS": 0.07870137340907461,
    "POSS": 8900.479999999998
  },
  "NOP": {
    "2MAKE": 0.25133927768889197,
    "2MISS": 0.20886889460154234,
    "3MAKE": 0.11954626350513235,
    "3MISS": 0.2077453394934114,
    "TO": 0.12583817211066564,
    "OREB": 0.08527783270713858,
    "S_FOULS": 0.0866620526003559,
    "POSS": 8900.320000000003
  },
  "CHI": {
    "2MAKE": 0.2715150920945324,
    "2MISS": 0.23541706589895237,
    "3MAKE": 0.10695711465357041,
    "3MISS": 0.18494667742179885,
    "TO": 0.11297345235283375,
    "OREB": 0.08512003707846645,
    "S_FOULS": 0.08819059757831273,
    "POSS": 8975.559999999996
  },
  "DAL": {
    "2MAKE": 0.26250518627267705,
    "2MISS": 0.23514902270105636,
    "3MAKE": 0.1020156933191689,
    "3MISS": 0.19833218589425014,
    "TO": 0.1172895513133238,
    "OREB": 0.0889075316077673,
    "S_FOULS": 0.0847083604995235,
    "POSS": 8773.160000000002
  },
  "DEN": {
    "2MAKE": 0.26754448652897883,
    "2MISS": 0.21952940756092335,
    "3MAKE": 0.1084247480883299,
    "3MISS": 0.20490155792181808,
    "TO": 0.11199796326734798,
    "OREB": 0.08877206460373045,
    "S_FOULS": 0.08760183663260197,
    "POSS": 8955.519999999999
  },
  "GSW": {
    "2MAKE": 0.2333060719259079,
    "2MISS": 0.22534868813686698,
    "3MAKE": 0.1105192192922349,
    "3MISS": 0.2152914391812736,
    "TO": 0.12411308326517981,
    "OREB": 0.08753122167945004,
    "S_FOULS": 0.0914214981985367,
    "POSS": 9048.2
  },
  "HOU": {
    "2MAKE": 0.2696580041446242,
    "2MISS": 0.20315523462606136,
    "3MAKE": 0.11241113299266753,
    "3MISS": 0.20572953538161864,
    "TO": 0.11734520944081897,
    "OREB": 0.09814521630562098,
    "S_FOULS": 0.09170088341420925,
    "POSS": 9322.92
  },
  "LAC": {
    "2MAKE": 0.25913660247467313,
    "2MISS": 0.24631558818032873,
    "3MAKE": 0.10408925164391483,
    "3MISS": 0.19796515291775868,
    "TO": 0.11571508663963391,
    "OREB": 0.10691422089521105,
    "S_FOULS": 0.07677831814369097,
    "POSS": 9203.639999999998
  },
  "LAL": {
    "2MAKE": 0.2627743154403152,
    "2MISS": 0.21693040274251318,
    "3MAKE": 0.11028185991639095,
    "3MISS": 0.203358894787686,
    "TO": 0.11680045822540241,
    "OREB": 0.09638976515948122,
    "S_FOULS": 0.089854068887692,
    "POSS": 9357.840000000002
  },
  "MIA": {
    "2MAKE": 0.22739589919609798,
    "2MISS": 0.1957817721976335,
    "3MAKE": 0.12013368259416497,
    "3MISS": 0.23417035498148323,
    "TO": 0.13085990425435828,
    "OREB": 0.08840664799927742,
    "S_FOULS": 0.09165838677626233,
    "POSS": 8856.799999999997
  },
  "MIL": {
    "2MAKE": 0.2405115205563724,
    "2MISS": 0.20702533606167564,
    "3MAKE": 0.1293635661586656,
    "3MISS": 0.2336397628261903,
    "TO": 0.11103887887818009,
    "OREB": 0.08856932185567999,
    "S_FOULS": 0.07842093551891587,
    "POSS": 9167.960000000001
  },
  "MIN": {
    "2MAKE": 0.23821646784986905,
    "2MISS": 0.2004569648633384,
    "3MAKE": 0.1145621181262729,
    "3MISS": 0.21297215423847743,
    "TO": 0.13584863680706497,
    "OREB": 0.09669855722329664,
    "S_FOULS": 0.09794365811497716,
    "POSS": 9348.640000000001
  },
  "BKN": {
    "2MAKE": 0.2503321173726594,
    "2MISS": 0.22793853556793145,
    "3MAKE": 0.11099427503212989,
    "3MISS": 0.21073766838458968,
    "TO": 0.11012882259523218,
    "OREB": 0.10017611957090865,
    "S_FOULS": 0.08986858104745699,
    "POSS": 9243.720000000003
  },
  "NYK": {
    "2MAKE": 0.23967994345546895,
    "2MISS": 0.2154401004027892,
    "3MAKE": 0.11757456583496066,
    "3MISS": 0.22586096750954873,
    "TO": 0.11043853727272317,
    "OREB": 0.08676504569323687,
    "S_FOULS": 0.09100588552450944,
    "POSS": 8828.439999999999
  },
  "ORL": {
    "2MAKE": 0.2476092149125493,
    "2MISS": 0.22497003316038602,
    "3MAKE": 0.11833620606686324,
    "3MISS": 0.20747114871426944,
    "TO": 0.11253970059408712,
    "OREB": 0.09318155967557068,
    "S_FOULS": 0.08907369655184477,
    "POSS": 9143.44
  },
  "IND": {
    "2MAKE": 0.27640191049000545,
    "2MISS": 0.2285290995931365,
    "3MAKE": 0.10890235273306215,
    "3MISS": 0.1835308685653636,
    "TO": 0.11288254024411822,
    "OREB": 0.09209711657526981,
    "S_FOULS": 0.08975322837431456,
    "POSS": 9044.799999999996
  },
  "PHI": {
    "2MAKE": 0.26086604831751514,
    "2MISS": 0.23401549467932128,
    "3MAKE": 0.10459357923497269,
    "3MISS": 0.19784027178602245,
    "TO": 0.11504170261719875,
    "OREB": 0.09414545585274663,
    "S_FOULS": 0.0876429033649698,
    "POSS": 8901.119999999999
  },
  "PHX": {
    "2MAKE": 0.24566210442213493,
    "2MISS": 0.23610918122763744,
    "3MAKE": 0.1034538159585924,
    "3MISS": 0.20104561086601586,
    "TO": 0.12483933720081979,
    "OREB": 0.09368378087331085,
    "S_FOULS": 0.08888995032479938,
    "POSS": 9211.840000000002
  },
  "POR": {
    "2MAKE": 0.2486933624140544,
    "2MISS": 0.1944994879842538,
    "3MAKE": 0.12512246264058263,
    "3MISS": 0.21245328687510798,
    "TO": 0.1210219036346468,
    "OREB": 0.08866073526347751,
    "S_FOULS": 0.09820949645135404,
    "POSS": 9023.160000000003
  },
  "SAC": {
    "2MAKE": 0.2712430233164676,
    "2MISS": 0.22484047085006867,
    "3MAKE": 0.11573470345834855,
    "3MISS": 0.1954992784240085,
    "TO": 0.11225722880044511,
    "OREB": 0.09410915792951159,
    "S_FOULS": 0.08042529515066159,
    "POSS": 9202.08
  },
  "SAS": {
    "2MAKE": 0.267861753214341,
    "2MISS": 0.23978467787741614,
    "3MAKE": 0.10671440128057282,
    "3MISS": 0.18976230227714763,
    "TO": 0.11489010137868122,
    "OREB": 0.10036747620440971,
    "S_FOULS": 0.08098676397184118,
    "POSS": 9295.84
  },
  "OKC": {
    "2MAKE": 0.2484266313348791,
    "2MISS": 0.21464932619724203,
    "3MAKE": 0.12181621659315563,
    "3MISS": 0.22369292725022227,
    "TO": 0.11331741078433082,
    "OREB": 0.09871689824096512,
    "S_FOULS": 0.07809748784017015,
    "POSS": 9177.76
  },
  "TOR": {
    "2MAKE": 0.24471777303463493,
    "2MISS": 0.21019048302333507,
    "3MAKE": 0.11367101321901961,
    "3MISS": 0.20705163847685326,
    "TO": 0.1384454648180367,
    "OREB": 0.09495004753107457,
    "S_FOULS": 0.08592362742812049,
    "POSS": 8920.48
  },
  "UTA": {
    "2MAKE": 0.25954731368530337,
    "2MISS": 0.24175937279049164,
    "3MAKE": 0.1112025990530998,
    "3MISS": 0.20618349100086816,
    "TO": 0.10348330394780415,
    "OREB": 0.09050593826353898,
    "S_FOULS": 0.07782391952243292,
    "POSS": 8938.64
  },
  "MEM": {
    "2MAKE": 0.25039752497493883,
    "2MISS": 0.22933302222683138,
    "3MAKE": 0.10661879083272847,
    "3MISS": 0.19887051056033753,
    "TO": 0.12746724739880405,
    "OREB": 0.08868695772408317,
    "S_FOULS": 0.08731290400636049,
    "POSS": 9257.279999999993
  },
  "WAS": {
    "2MAKE": 0.2709831708691428,
    "2MISS": 0.2481331777463252,
    "3MAKE": 0.10437788120665714,
    "3MISS": 0.1847965463233696,
    "TO": 0.10249220216254112,
    "OREB": 0.09317472923867375,
    "S_FOULS": 0.08921702169196434,
    "POSS": 9015.319999999998
  },
  "DET": {
    "2MAKE": 0.2604350045771425,
    "2MISS": 0.2218153651151328,
    "3MAKE": 0.1062865291176678,
    "3MISS": 0.18726674177874802,
    "TO": 0.12466111541440747,
    "OREB": 0.0931932610379551,