{
  "ATL": {
    "2MAKE": 0.2614339737072118,
    "2MISS": 0.23133283387738357,
    "3MAKE": 0.11772890244555038,
    "3MISS": 0.19677226592461783,
    "TO": 0.10301278963985658,
    "FOUL": 0.08971923440537985,
    "OREB": 0.21432291666666667,
    "DREB": 0.7856770833333333,
    "FTMA": 0.8119190814652816,
    "FTMI": 0.18808091853471842,
    "POS_PG": 99
  },
  "BOS": {
    "2MAKE": 0.2509253986332574,
    "2MISS": 0.20765856349658315,
    "3MAKE": 0.12067999003416857,
    "3MISS": 0.21789133684510253,
    "TO": 0.11901160307517085,
    "FOUL": 0.08383310791571755,
    "OREB": 0.22556194458964976,
    "DREB": 0.7744380554103503,
    "FTMA": 0.8155283129013426,
    "FTMI": 0.18447168709865733,
    "POS_PG": 99
  },
  "CLE": {
    "2MAKE": 0.2608675943973528,
    "2MISS": 0.2212048411223426,
    "3MAKE": 0.10799601106024206,
    "3MISS": 0.19638728978740766,
    "TO": 0.12329450160917457,
    "FOUL": 0.09024976202348035,
    "OREB": 0.2271370420624152,
    "DREB": 0.7728629579375847,
    "FTMA": 0.7602209944751381,
    "FTMI": 0.23977900552486187,
    "POS_PG": 97
  },
  "NOP": {
    "2MAKE": 0.26492834569154944,
    "2MISS": 0.23658615587985538,
    "3MAKE": 0.09553178264713864,
    "3MISS": 0.19215785833719984,
    "TO": 0.11916851237426573,
    "FOUL": 0.091627345069991,
    "OREB": 0.2503828483920367,
    "DREB": 0.7496171516079633,
    "FTMA": 0.788754598003153,
    "FTMI": 0.21124540199684708,
    "POS_PG": 99
  },
  "CHI": {
    "2MAKE": 0.2865799659250801,
    "2MISS": 0.24870645670282443,
    "3MAKE": 0.09799910991634112,
    "3MISS": 0.16767737614126255,
    "TO": 0.11170999456059985,
    "FOUL": 0.08732709675389186,
    "OREB": 0.19190283400809716,
    "DREB": 0.8080971659919028,
    "FTMA": 0.8131370328425821,
    "FTMI": 0.1868629671574179,
    "POS_PG": 100
  },
  "DAL": {
    "2MAKE": 0.24680837379811557,
    "2MISS": 0.20328097795377598,
    "3MAKE": 0.12323191488384272,
    "3MISS": 0.22854754018531875,
    "TO": 0.11025408973764121,
    "FOUL": 0.08787710344130577,
    "OREB": 0.20186170212765958,
    "DREB": 0.7981382978723405,
    "FTMA": 0.7711328349626222,
    "FTMI": 0.2288671650373778,
    "POS_PG": 97
  },
  "DEN": {
    "2MAKE": 0.2649058285969018,
    "2MISS": 0.19592109662320295,
    "3MAKE": 0.11579181990415692,
    "3MISS": 0.21230357739886327,
    "TO": 0.12649058285969017,
    "FOUL": 0.08458709461718489,
    "OREB": 0.2052962052962053,
    "DREB": 0.7947037947037947,
    "FTMA": 0.7953623188405797,
    "FTMI": 0.2046376811594203,
    "POS_PG": 100
  },
  "GSW": {
    "2MAKE": 0.2387253157801103,
    "2MISS": 0.19002401707881159,
    "3MAKE": 0.1307596513075965,
    "3MISS": 0.2284958192492439,
    "TO": 0.13053727094822984,
    "FOUL": 0.08145792563600783,
    "OREB": 0.21253985122210414,
    "DREB": 0.7874601487778958,
    "FTMA": 0.7687687687687688,
    "FTMI": 0.23123123123123124,
    "POS_PG": 100
  },
  "HOU": {
    "2MAKE": 0.2295868733380894,
    "2MISS": 0.19337613766565062,
    "3MAKE": 0.11944138184490996,
    "3MISS": 0.2232094601898091,
    "TO": 0.13878980478630262,
    "FOUL": 0.09559634217523834,
    "OREB": 0.20394395433316034,
    "DREB": 0.7960560456668396,
    "FTMA": 0.7134328358208956,
    "FTMI": 0.2865671641791045,
    "POS_PG": 103
  },
  "LAC": {
    "2MAKE": 0.2502057097882084,
    "2MISS": 0.23813143961076133,
    "3MAKE": 0.11705334144247281,
    "3MISS": 0.1962068903835146,
    "TO": 0.11940111619919863,
    "FOUL": 0.0790015025758443,
    "OREB": 0.19227799227799228,
    "DREB": 0.8077220077220078,
    "FTMA": 0.7926525529265255,
    "FTMI": 0.20734744707347447,
    "POS_PG": 100
  },
  "LAL": {
    "2MAKE": 0.26311349892288927,
    "2MISS": 0.21845017173211523,
    "3MAKE": 0.10619706368363226,
    "3MISS": 0.1994168894425844,
    "TO": 0.12317561663508873,
    "FOUL": 0.08964675958369021,
    "OREB": 0.20238095238095238,
    "DREB": 0.7976190476190477,
    "FTMA": 0.732484076433121,
    "FTMI": 0.267515923566879,
    "POS_PG": 103
  },
  "MIA": {
    "2MAKE": 0.24078641838108406,
    "2MISS": 0.21300337010634357,
    "3MAKE": 0.12581429178073528,
    "3MISS": 0.2057752599860859,
    "TO": 0.12750838009017068,
    "FOUL": 0.08711227965558056,
    "OREB": 0.21763754045307443,
    "DREB": 0.7823624595469255,
    "FTMA": 0.8077581289218483,
    "FTMI": 0.19224187107815174,
    "POS_PG": 98
  },
  "MIL": {
    "2MAKE": 0.2472934621519312,
    "2MISS": 0.2068746713256929,
    "3MAKE": 0.1252765210286365,
    "3MISS": 0.21708802169576386,
    "TO": 0.11354203336940602,
    "FOUL": 0.08992529042856957,
    "OREB": 0.21527421834956434,
    "DREB": 0.7847257816504357,
    "FTMA": 0.7756512493354598,
    "FTMI": 0.22434875066454013,
    "POS_PG": 102
  },
  "MIN": {
    "2MAKE": 0.2336111181902359,
    "2MISS": 0.1987818242055098,
    "3MAKE": 0.1285923018765344,
    "3MISS": 0.23095644639261959,
    "TO": 0.11956641776463892,
    "FOUL": 0.08849189157046136,
    "OREB": 0.22757598220904374,
    "DREB": 0.7724240177909563,
    "FTMA": 0.778247096092925,
    "FTMI": 0.22175290390707497,
    "POS_PG": 104
  },
  "BKN": {
    "2MAKE": 0.2743228545365238,
    "2MISS": 0.23540014735808015,
    "3MAKE": 0.10306294295137185,
    "3MISS": 0.18222405445231915,
    "TO": 0.11907059153743597,
    "FOUL": 0.08591940916426918,
    "OREB": 0.2215804673142557,
    "DREB": 0.7784195326857443,
    "FTMA": 0.8051656372824256,
    "FTMI": 0.1948343627175744,
    "POS_PG": 101
  },
  "NYK": {
    "2MAKE": 0.22395391416960655,
    "2MISS": 0.22707989103737775,
    "3MAKE": 0.12079667753315768,
    "3MISS": 0.21736703434108873,
    "TO": 0.11353994551868887,
    "FOUL": 0.09726253740008038,
    "OREB": 0.23637277066063803,
    "DREB": 0.763627229339362,
    "FTMA": 0.7439393939393939,
    "FTMI": 0.25606060606060604,
    "POS_PG": 98
  },
  "ORL": {
    "2MAKE": 0.235626767200754,
    "2MISS": 0.22880019730989104,
    "3MAKE": 0.1099958600156791,
    "3MISS": 0.2227443691808997,
    "TO": 0.12463995349123998,
    "FOUL": 0.07819285280153619,
    "OREB": 0.18190685198732018,
    "DREB": 0.8180931480126798,
    "FTMA": 0.7868649318463445,
    "FTMI": 0.21313506815365552,
    "POS_PG": 102
  },
  "IND": {
    "2MAKE": 0.26022135614235115,
    "2MISS": 0.22087926856231221,
    "3MAKE": 0.10805526533691133,
    "3MISS": 0.2061395332706172,
    "TO": 0.12106091412370105,
    "FOUL": 0.083643662564107,
    "OREB": 0.23477157360406092,
    "DREB": 0.7652284263959391,
    "FTMA": 0.7679589509692132,
    "FTMI": 0.23204104903078676,
    "POS_PG": 101
  },
  "PHI": {
    "2MAKE": 0.26041666666666663,
    "2MISS": 0.2334612573099415,
    "3MAKE": 0.10850694444444443,
    "3MISS": 0.18937317251461988,
    "TO": 0.10999177631578946,
    "FOUL": 0.09825018274853801,
    "OREB": 0.18908698001080498,
    "DREB": 0.8109130199891951,
    "FTMA": 0.8209718670076727,
    "FTMI": 0.17902813299232737,
    "POS_PG": 98
  },
  "PHX": {
    "2MAKE": 0.2883645454146748,
    "2MISS": 0.23496776457172933,
    "3MAKE": 0.10427174246743565,
    "3MISS": 0.18255778255339677,
    "TO": 0.11096004561203457,
    "FOUL": 0.07887811938072892,
    "OREB": 0.2103466386554622,
    "DREB": 0.7896533613445378,
    "FTMA": 0.7969418960244649,
    "FTMI": 0.20305810397553517,
    "POS_PG": 101
  },
  "POR": {
    "2MAKE": 0.23415630762699496,
    "2MISS": 0.2221057705489296,
    "3MAKE": 0.11530926763690073,
    "3MISS": 0.21823633203762421,
    "TO": 0.12404314313384719,
    "FOUL": 0.08614917901570329,
    "OREB": 0.21441124780316345,
    "DREB": 0.7855887521968365,
    "FTMA": 0.7600225861095427,
    "FTMI": 0.23997741389045738,
    "POS_PG": 100
  },
  "SAC": {
    "2MAKE": 0.2599067649893377,
    "2MISS": 0.23079807948088418,
    "3MAKE": 0.10215295251468516,
    "3MISS": 0.19460300985988582,
    "TO": 0.12101363638345841,
    "FOUL": 0.09152555677174865,
    "OREB": 0.2009226037929267,
    "DREB": 0.7990773962070733,
    "FTMA": 0.7683438155136268,
    "FTMI": 0.23165618448637318,
    "POS_PG": 102
  },
  "SAS": {
    "2MAKE": 0.28043722956692185,